metric,value
accuracy,0.7654377880184332
precision,0.6573033707865169
recall,0.7414448669201521
f1,0.6968433591423466
